scene,mask_direction,metric,quantile,value
ETH,triu,ADE,50,0.7407776713371277
ETH,triu,ADE,75,1.3733767569065092
ETH,triu,ADE,90,2.215835618972778
ETH,triu,ADE,95,2.6556713461875896
ETH,triu,ADE,99,3.4089215803146367
ETH,triu,FDE,50,1.4102542400360107
ETH,triu,FDE,75,2.9233970642089844
ETH,triu,FDE,90,4.854585886001587
ETH,triu,FDE,95,5.596086120605468
ETH,triu,FDE,99,7.298139224052432
ETH,tril,ADE,50,0.7895844578742981
ETH,tril,ADE,75,1.3137120902538302
ETH,tril,ADE,90,2.1550168514251706
ETH,tril,ADE,95,2.6305257439613343
ETH,tril,ADE,99,3.375925462245942
ETH,tril,FDE,50,1.530941903591156
ETH,tril,FDE,75,2.9060808420181274
ETH,tril,FDE,90,4.773787355422973
ETH,tril,FDE,95,5.461251473426816
ETH,tril,FDE,99,7.860080943107605
HOTEL,triu,ADE,50,0.2518338859081268
HOTEL,triu,ADE,75,2.469459056854248
HOTEL,triu,ADE,90,3.7334907054901127
HOTEL,triu,ADE,95,4.0652268409729
HOTEL,triu,ADE,99,4.47569522857666
HOTEL,triu,FDE,50,0.4669243991374969
HOTEL,triu,FDE,75,4.567034721374512
HOTEL,triu,FDE,90,6.813859367370607
HOTEL,triu,FDE,95,7.586910152435304
HOTEL,triu,FDE,99,8.479476013183593
HOTEL,tril,ADE,50,0.2367521375417709
HOTEL,tril,ADE,75,2.4931347370147705
HOTEL,tril,ADE,90,3.75623459815979
HOTEL,tril,ADE,95,4.038421249389649
HOTEL,tril,ADE,99,4.370303058624264
HOTEL,tril,FDE,50,0.4542685747146606
HOTEL,tril,FDE,75,4.61417818069458
HOTEL,tril,FDE,90,6.9262770652771
HOTEL,tril,FDE,95,7.487089443206789
HOTEL,tril,FDE,99,8.2304634475708
UNIV,triu,ADE,50,0.6796942055225372
UNIV,triu,ADE,75,1.1262262761592865
UNIV,triu,ADE,90,1.6352217555046082
UNIV,triu,ADE,95,1.9532765865325914
UNIV,triu,ADE,99,2.6152485847473126
UNIV,triu,FDE,50,1.3364110589027407
UNIV,triu,FDE,75,2.204408168792725
UNIV,triu,FDE,90,3.140454626083375
UNIV,triu,FDE,95,3.7383491158485387
UNIV,triu,FDE,99,5.042907662391659
UNIV,tril,ADE,50,0.6512242555618286
UNIV,tril,ADE,75,1.139133274555206
UNIV,tril,ADE,90,1.6732832908630373
UNIV,tril,ADE,95,2.0235533475875838
UNIV,tril,ADE,99,2.757288107872008
UNIV,tril,FDE,50,1.3077016472816467
UNIV,tril,FDE,75,2.222793161869049
UNIV,tril,FDE,90,3.1907169580459596
UNIV,tril,FDE,95,3.7861419796943663
UNIV,tril,FDE,99,5.032501187324522
ZARA1,triu,ADE,50,0.35575470328330994
ZARA1,triu,ADE,75,0.5420552343130112
ZARA1,triu,ADE,90,0.8356575071811676
ZARA1,triu,ADE,95,1.0864635705947874
ZARA1,triu,ADE,99,1.8147026062011606
ZARA1,triu,FDE,50,0.7885836362838745
ZARA1,triu,FDE,75,1.2241830229759216
ZARA1,triu,FDE,90,1.828179657459259
ZARA1,triu,FDE,95,2.440418958663941
ZARA1,triu,FDE,99,4.055613040924071
ZARA1,tril,ADE,50,0.34137570858001703
ZARA1,tril,ADE,75,0.5271401256322861
ZARA1,tril,ADE,90,0.8096637725830078
ZARA1,tril,ADE,95,1.048060953617096
ZARA1,tril,ADE,99,1.832221674919126
ZARA1,tril,FDE,50,0.7621400952339172
ZARA1,tril,FDE,75,1.1683816611766817
ZARA1,tril,FDE,90,1.7927091121673584
ZARA1,tril,FDE,95,2.368998408317566
ZARA1,tril,FDE,99,4.036040091514584
ZARA2,triu,ADE,50,0.2022099494934082
ZARA2,triu,ADE,75,0.4797756522893905
ZARA2,triu,ADE,90,0.8536586999893189
ZARA2,triu,ADE,95,1.157313215732575
ZARA2,triu,ADE,99,1.8483344542980191
ZARA2,triu,FDE,50,0.404172733426094
ZARA2,triu,FDE,75,1.0378942489624023
ZARA2,triu,FDE,90,1.8946732163429272
ZARA2,triu,FDE,95,2.5741765260696425
ZARA2,triu,FDE,99,4.067430429458615
ZARA2,tril,ADE,50,0.22321821004152295
ZARA2,tril,ADE,75,0.5088979750871658
ZARA2,tril,ADE,90,0.8402401685714723
ZARA2,tril,ADE,95,1.1729640066623688
ZARA2,tril,ADE,99,1.9823440611362457
ZARA2,tril,FDE,50,0.45673668384552
ZARA2,tril,FDE,75,1.0717198252677915
ZARA2,tril,FDE,90,1.7701660633087177
ZARA2,tril,FDE,95,2.552951908111573
ZARA2,tril,FDE,99,4.138684587478636
