run_id,scene,mask_direction,sigma,seed,raw_similarity_count,raw_similarity_mean,raw_similarity_median,raw_similarity_p10,raw_similarity_p50,raw_similarity_p90,raw_similarity_p99,raw_similarity_lt_1e-4,raw_similarity_lt_1e-6,raw_similarity_ge_0.9,raw_similarity_ge_0.99,effective_adjacency_count,effective_adjacency_mean,effective_adjacency_median,effective_adjacency_p10,effective_adjacency_p50,effective_adjacency_p90,effective_adjacency_p99,effective_adjacency_lt_1e-4,effective_adjacency_lt_1e-6,effective_adjacency_ge_0.9,effective_adjacency_ge_0.99
sigma3_eth_seed42,ETH,triu,3,42,20384,0.0,0.0,0.0,0.0,0.0,0.0,1.0,1.0,0.0,0.0,20384,0.0,0.0,0.0,0.0,0.0,0.0,1.0,1.0,0.0,0.0
sigma3_eth_seed42,ETH,tril,3,42,20384,0.0010827491059899,0.0,0.0,0.0,0.0,2.812394336674461e-38,0.996565934065934,0.9957319466248038,0.0005886970172684,0.0001962323390894,20384,0.0010715803364291,0.0,0.0,0.0,0.0,1.9431777778819296e-41,0.9971055729984302,0.9962715855573,0.0005886970172684,0.0001962323390894
sigma3_hotel_seed42,HOTEL,triu,3,42,67032,0.0014240116579458,0.0,0.0,0.0,3.4297771218799e-21,2.650447227097208e-06,0.992749731471536,0.9889008234872896,0.0003878744480248,0.0001790189760114,67032,0.0,0.0,0.0,0.0,0.0,0.0,1.0,1.0,0.0,0.0
sigma3_hotel_seed42,HOTEL,tril,3,42,67032,0.0010400299215689,0.0,0.0,0.0,0.0,0.0044031273573637,0.9863945578231292,0.9770855710705336,0.000298364960019,0.0001193459840076,67032,0.0010400299215689,0.0,0.0,0.0,0.0,0.0044031273573637,0.9863945578231292,0.9770855710705336,0.000298364960019,0.0001193459840076
sigma3_univ_seed42,UNIV,triu,3,42,1362704,0.0,0.0,0.0,0.0,0.0,0.0,1.0,1.0,0.0,0.0,1362704,0.0,0.0,0.0,0.0,0.0,0.0,1.0,1.0,0.0,0.0
sigma3_univ_seed42,UNIV,tril,3,42,1362704,0.0003529326932039,0.0,0.0,0.0,0.0,0.0,0.9987649555589476,0.998489033568552,0.0001247519637426,4.916695041623126e-05,1362704,0.0003529326932039,0.0,0.0,0.0,0.0,0.0,0.9987649555589476,0.998489033568552,0.0001247519637426,4.916695041623126e-05
sigma3_zara1_seed42,ZARA1,triu,3,42,131936,4.1087712321127885e-31,0.0,0.0,0.0,0.0,0.0,1.0,1.0,0.0,0.0,131936,0.0,0.0,0.0,0.0,0.0,0.0,1.0,1.0,0.0,0.0
sigma3_zara1_seed42,ZARA1,tril,3,42,131936,0.0005809899885207,0.0,0.0,0.0,0.0,0.0,0.9978777589134126,0.9973017220470533,0.0002273829735629,6.821489206888188e-05,131936,0.0005809899885207,0.0,0.0,0.0,0.0,0.0,0.9978777589134126,0.9973017220470533,0.0002273829735629,6.821489206888188e-05
sigma3_zara2_seed42,ZARA2,triu,3,42,330960,0.0,0.0,0.0,0.0,0.0,0.0,1.0,1.0,0.0,0.0,330960,0.0,0.0,0.0,0.0,0.0,0.0,1.0,1.0,0.0,0.0
sigma3_zara2_seed42,ZARA2,tril,3,42,330960,0.0039270026609301,0.0,0.0,0.0,1.3556201179888272e-25,0.0708098784089088,0.9860768672951414,0.9849226492627507,0.0017434131012811,0.0005136572395455,330960,0.0039270026609301,0.0,0.0,0.0,1.3556201179888272e-25,0.0708098784089088,0.9860768672951414,0.9849226492627507,0.0017434131012811,0.0005136572395455
